<?xml version="1.0" encoding="UTF-8"?>
<beans xmlns="http://www.springframework.org/schema/beans"
	xmlns:xsi="http://www.w3.org/2001/XMLSchema-instance" xmlns:context="http://www.springframework.org/schema/context"
	xmlns:aop="http://www.springframework.org/schema/aop"
	xsi:schemaLocation="http://www.springframework.org/schema/beans
        http://www.springframework.org/schema/beans/spring-beans.xsd
        http://www.springframework.org/schema/context
        http://www.springframework.org/schema/context/spring-context.xsd
        http://www.springframework.org/schema/aop
  		http://www.springframework.org/schema/aop/spring-aop-3.2.xsd">

	<bean
		class="org.springframework.beans.factory.config.PropertyPlaceholderConfigurer">
		<property name="locations" value="classpath:jdbc.properties" />
	</bean>

	<bean id="dataSource" class="com.alibaba.druid.pool.DruidDataSource" init-method="init" destroy-method="close"> 
	     <!-- 基本属性 url、user、password -->
	     <property name="driverClassName" value="${driver}" />
	     <property name="url" value="${url}" />
	     <property name="username" value="${username}" />
	     <property name="password" value="${password}" />
	
	     <!-- 配置监控统计拦截的filters -->
	     <property name="filters" value="stat" />
	
	     <!-- 配置初始化大小、最小、最大 -->
	     <property name="maxActive" value="20" />
	     <property name="initialSize" value="1" />
	     <property name="minIdle" value="1" />
	
	     <!-- 配置获取连接等待超时的时间 -->
	     <property name="maxWait" value="60000" />     
	
	     <!-- 配置间隔多久才进行一次检测，检测需要关闭的空闲连接，单位是毫秒 -->
	     <property name="timeBetweenEvictionRunsMillis" value="60000" />
	
	     <!-- 配置一个连接在池中最小生存的时间，单位是毫秒 -->
	     <property name="minEvictableIdleTimeMillis" value="300000" />
	
	     <property name="testWhileIdle" value="true" />
	     <property name="testOnBorrow" value="false" />
	     <property name="testOnReturn" value="false" />
	
	     <!-- 打开PSCache，并且指定每个连接上PSCache的大小 -->
	     <property name="poolPreparedStatements" value="true" />
	     <property name="maxOpenPreparedStatements" value="20" />
	</bean>

	<bean id="jdbcTemplate" class="org.springframework.jdbc.core.JdbcTemplate"
		abstract="false" lazy-init="false" autowire="default">
		<property name="dataSource">
			<ref bean="dataSource" />
		</property>
	</bean>
	<context:component-scan base-package="com.springboottest"/>
	<context:annotation-config/>
		
	
</beans>